Genet,Blob1,Blob2,Area1,Area2,Class,Action,Split\Fuse
32,-1,0,0.0,322.6204566,Pocillopora,born,none
1014,-1,1,0.0,3.46860792,Pocillopora_dead,born,none
1015,-1,2,0.0,0.332667,Pocillopora_dead,born,none
1016,-1,4,0.0,424.82463012000005,Pocillopora_dead,born,none
1017,-1,8,0.0,13.590555840000002,Pocillopora,born,none
1018,-1,9,0.0,19.778162039999998,Pocillopora,born,none
1019,-1,10,0.0,23.49072576,Pocillopora_dead,born,none
1020,-1,11,0.0,0.4701693600000001,Pocillopora_dead,born,none
1021,-1,15,0.0,2.8032739200000005,Pocillopora_dead,born,none
1022,-1,18,0.0,60.93128772000001,Pocillopora_dead,born,none
1023,-1,19,0.0,19.547512920000003,Pocillopora_dead,born,none
1024,-1,21,0.0,14.349036600000002,Pocillopora,born,none
1025,-1,31,0.0,214.64118396,Pocillopora_dead,born,none
1026,-1,35,0.0,3.1936032000000005,Pocillopora_dead,born,none
1027,-1,37,0.0,6.55575768,Pocillopora,born,none
1028,-1,38,0.0,2.3952024000000005,Pocillopora,born,none
1029,-1,39,0.0,52.52146596000001,Pocillopora_dead,born,none
1030,-1,40,0.0,115.75924488000001,Pocillopora_dead,born,none
1031,-1,41,0.0,7.71343884,Pocillopora_dead,born,none
1032,-1,46,0.0,257.04513756000006,Pocillopora,born,none
1033,-1,47,0.0,72.29962800000001,Pocillopora_dead,born,none
1034,-1,48,0.0,13.257888840000003,Pocillopora_dead,born,none
1035,-1,51,0.0,16.699883400000004,Pocillopora_dead,born,none
1036,-1,54,0.0,20.11970016,Pocillopora,born,none
1037,-1,55,0.0,99.96865128000002,Pocillopora_dead,born,none
1038,-1,57,0.0,18.154747080000003,Pocillopora,born,none
1039,-1,58,0.0,291.9929148,Pocillopora_dead,born,none
1040,-1,61,0.0,48.671399879999996,Pocillopora,born,none
1041,-1,62,0.0,66.07653732,Pocillopora_dead,born,none
1042,-1,63,0.0,111.62973852,Pocillopora_dead,born,none
1043,-1,64,0.0,2.4750424800000004,Pocillopora_dead,born,none
1044,-1,70,0.0,2.2310866799999998,Pocillopora,born,none
1045,-1,71,0.0,15.49784664,Pocillopora,born,none
1046,-1,76,0.0,192.80492208000004,Pocillopora,born,none
1047,-1,81,0.0,84.830085,Pocillopora_dead,born,none
1048,-1,88,0.0,78.72675444000001,Pocillopora_dead,born,none
1049,-1,89,0.0,104.08485096000003,Pocillopora,born,none
1050,-1,92,0.0,5.46904548,Pocillopora_dead,born,none
1051,-1,93,0.0,73.20448224,Pocillopora_dead,born,none
1052,-1,96,0.0,7.571500920000001,Pocillopora_dead,born,none
1053,-1,97,0.0,10.13081904,Pocillopora_dead,born,none
1054,-1,100,0.0,3.73030596,Pocillopora,born,none
1055,-1,102,0.0,93.83427180000001,Pocillopora_dead,born,none
1056,-1,104,0.0,89.95315680000002,Pocillopora_dead,born,none
1057,-1,106,0.0,26.564568840000007,Pocillopora,born,none
1058,-1,107,0.0,17.072470440000004,Pocillopora_dead,born,none
1059,-1,108,0.0,2.8165806000000004,Pocillopora_dead,born,none
1060,-1,111,0.0,1.8407574000000004,Pocillopora_dead,born,none
1061,-1,112,0.0,4.094021880000001,Pocillopora_dead,born,none
1062,-1,115,0.0,93.5681382,Pocillopora_dead,born,none
1063,-1,119,0.0,54.468676800000004,Pocillopora_dead,born,none
1064,-1,121,0.0,21.441497039999998,Pocillopora_dead,born,none
1065,-1,126,0.0,61.67646180000001,Pocillopora,born,none
1066,-1,133,0.0,7.154558280000001,Pocillopora_dead,born,none
1067,-1,134,0.0,27.584747640000003,Pocillopora,born,none
1068,-1,135,0.0,13.555071360000001,Pocillopora_dead,born,none
1069,-1,140,0.0,2.4883491600000003,Pocillopora_dead,born,none
1070,-1,146,0.0,78.24771396000001,Pocillopora_dead,born,none
1071,-1,149,0.0,1.10445444,Pocillopora_dead,born,none
1072,-1,150,0.0,5.00774724,Pocillopora_dead,born,none
1073,-1,151,0.0,9.327982680000002,Pocillopora,born,none
1074,-1,152,0.0,1.4637348000000001,Pocillopora_dead,born,none
1075,-1,154,0.0,80.33686272000001,Pocillopora,born,none
1076,-1,155,0.0,4.14281304,Pocillopora_dead,born,none
1077,-1,157,0.0,95.40002448000001,Pocillopora,born,none
1078,-1,159,0.0,11.92722084,Pocillopora,born,none
1079,-1,162,0.0,77.83520688,Pocillopora_dead,born,none
1080,-1,167,0.0,13.639347,Pocillopora_dead,born,none
1081,-1,169,0.0,29.948901120000006,Pocillopora_dead,born,none
1082,-1,170,0.0,12.424003560000001,Pocillopora_dead,born,none
1083,-1,171,0.0,172.5876396,Pocillopora_dead,born,none
1084,-1,174,0.0,34.202603159999995,Pocillopora,born,none
1085,-1,178,0.0,6.04123272,Pocillopora_dead,born,none
1086,-1,182,0.0,65.07853632,Pocillopora,born,none
1087,-1,184,0.0,267.41547684,Pocillopora,born,none
1088,-1,185,0.0,13.444182360000003,Pocillopora,born,none
1089,-1,186,0.0,3.8145816000000003,Pocillopora_dead,born,none
1090,-1,191,0.0,32.72112612,Pocillopora,born,none
1091,-1,196,0.0,5.50896552,Pocillopora_dead,born,none
1092,-1,197,0.0,5.57993448,Pocillopora_dead,born,none
1093,-1,201,0.0,42.989447520000006,Pocillopora_dead,born,none
1094,-1,208,0.0,17.742240000000002,Pocillopora_dead,born,none
1095,-1,210,0.0,55.56426012,Pocillopora_dead,born,none
1096,-1,212,0.0,45.80602812,Pocillopora_dead,born,none
1097,-1,217,0.0,25.721812440000004,Pocillopora_dead,born,none
1098,-1,218,0.0,4.6706446800000005,Pocillopora,born,none
1099,-1,219,0.0,15.81720696,Pocillopora_dead,born,none
1100,-1,220,0.0,34.27800768,Pocillopora_dead,born,none
1101,-1,221,0.0,7.886425680000001,Pocillopora,born,none
1102,-1,223,0.0,41.308370280000005,Pocillopora_dead,born,none
1103,-1,227,0.0,7.039233720000001,Pocillopora_dead,born,none
1104,-1,229,0.0,26.888364720000006,Pocillopora,born,none
1105,-1,235,0.0,7.558194240000001,Pocillopora,born,none
1106,-1,237,0.0,3.1403764800000005,Pocillopora_dead,born,none
1107,-1,240,0.0,38.376465120000006,Pocillopora_dead,born,none
1108,-1,246,0.0,11.026802160000003,Pocillopora_dead,born,none
1109,-1,248,0.0,106.99901388000002,Pocillopora,born,none
1110,-1,249,0.0,141.35686164,Pocillopora_dead,born,none
1111,-1,250,0.0,4.49322228,Pocillopora_dead,born,none
1112,-1,252,0.0,4.41781776,Pocillopora_dead,born,none
1113,-1,258,0.0,2.53270476,Pocillopora,born,none
1114,-1,260,0.0,16.49584764,Pocillopora_dead,born,none
1115,-1,261,0.0,3.75691932,Pocillopora,born,none
1116,-1,267,0.0,39.862377720000005,Pocillopora_dead,born,none
1117,-1,268,0.0,179.82203796000002,Pocillopora_dead,born,none
1118,-1,275,0.0,19.09065024,Pocillopora_dead,born,none
1119,-1,283,0.0,10.419130440000002,Pocillopora,born,none
1120,-1,293,0.0,38.119202640000005,Pocillopora_dead,born,none
1121,-1,294,0.0,2.5681892400000006,Pocillopora_dead,born,none
1122,-1,298,0.0,5.33597868,Pocillopora,born,none
1123,-1,304,0.0,57.71550672,Pocillopora,born,none
1124,-1,305,0.0,9.820329840000001,Pocillopora_dead,born,none
1125,-1,308,0.0,1.06896996,Pocillopora,born,none
1126,-1,310,0.0,15.626477880000003,Pocillopora,born,none
246,-1,314,0.0,70.51653288000001,Pocillopora,born,none
1127,-1,318,0.0,7.952959080000002,Pocillopora,born,none
258,-1,319,0.0,26.27625744,Pocillopora,born,none
1128,-1,320,0.0,3.8278882800000003,Pocillopora,born,none
522,-1,322,0.0,8.49853296,Pocillopora,born,none
1129,-1,323,0.0,3.0694075200000004,Pocillopora_dead,born,none
1130,-1,324,0.0,63.79665948000002,Pocillopora_dead,born,none
1131,-1,327,0.0,3.27787884,Pocillopora_dead,born,none
1132,-1,329,0.0,22.39514244,Pocillopora_dead,born,none
1133,-1,331,0.0,11.767540680000002,Pocillopora_dead,born,none
1134,-1,332,0.0,31.780787400000005,Pocillopora_dead,born,none
1135,-1,333,0.0,1.38389472,Pocillopora_dead,born,none
1136,-1,335,0.0,2.38633128,Pocillopora_dead,born,none
1137,-1,338,0.0,74.739186,Pocillopora,born,none
1138,-1,341,0.0,74.82346164,Pocillopora_dead,born,none
1139,-1,342,0.0,35.83488924000001,Pocillopora,born,none
1140,-1,343,0.0,7.771101120000001,Pocillopora_dead,born,none
532,-1,347,0.0,3.260136600000001,Pocillopora,born,none
1141,-1,351,0.0,2.8210161600000005,Pocillopora,born,none
1142,-1,353,0.0,3.4508656800000006,Pocillopora_dead,born,none
1143,-1,354,0.0,189.05687388,Pocillopora_dead,born,none
1144,-1,357,0.0,31.28844024,Pocillopora_dead,born,none
1145,-1,359,0.0,28.387584000000007,Pocillopora_dead,born,none
1146,-1,360,0.0,54.539645760000006,Pocillopora,born,none
1147,-1,365,0.0,139.58263764,Pocillopora_dead,born,none
1148,-1,367,0.0,30.2061636,Pocillopora_dead,born,none
1149,-1,368,0.0,18.797903280000003,Pocillopora,born,none
1150,-1,374,0.0,21.85400412,Pocillopora_dead,born,none
1151,-1,375,0.0,4.28475096,Pocillopora_dead,born,none
1152,-1,377,0.0,92.81409300000001,Pocillopora_dead,born,none
1153,-1,378,0.0,13.053853080000001,Pocillopora_dead,born,none
1154,-1,379,0.0,100.01744244000001,Pocillopora_dead,born,none
1155,-1,380,0.0,35.692951320000006,Pocillopora_dead,born,none
1156,-1,381,0.0,79.23684384,Pocillopora,born,none
1157,-1,383,0.0,4.03192404,Pocillopora,born,none
1158,-1,385,0.0,2.1468110400000002,Pocillopora_dead,born,none
1159,-1,386,0.0,22.61248488,Pocillopora,born,none
1160,-1,389,0.0,110.01519468000002,Pocillopora,born,none
1161,-1,392,0.0,8.74692432,Pocillopora,born,none
1162,-1,393,0.0,6.746486760000002,Pocillopora_dead,born,none
1163,-1,397,0.0,49.931098920000004,Pocillopora_dead,born,none
1164,-1,398,0.0,3.00287412,Pocillopora_dead,born,none
1165,-1,399,0.0,2.0802776400000003,Pocillopora_dead,born,none
1166,-1,401,0.0,2.08914876,Pocillopora_dead,born,none
1167,-1,403,0.0,4.2625731600000005,Pocillopora_dead,born,none
1168,-1,404,0.0,77.40495756,Pocillopora_dead,born,none
1169,-1,405,0.0,8.04167028,Pocillopora_dead,born,none
1170,-1,409,0.0,5.2472674800000005,Pocillopora,born,none
1171,-1,411,0.0,55.64410020000001,Pocillopora_dead,born,none
1172,-1,416,0.0,54.10052532,Pocillopora_dead,born,none
1173,-1,417,0.0,4.34241324,Pocillopora,born,none
1174,-1,421,0.0,27.77104116,Pocillopora_dead,born,none
1175,-1,422,0.0,123.22872792000003,Pocillopora,born,none
1176,-1,423,0.0,3.30005664,Pocillopora,born,none
1177,-1,425,0.0,7.17673608,Pocillopora,born,none
1178,-1,426,0.0,11.43930924,Pocillopora_dead,born,none
1179,-1,428,0.0,2.34641124,Pocillopora_dead,born,none
1180,-1,430,0.0,2.1468110400000002,Pocillopora_dead,born,none
1181,-1,431,0.0,44.870124960000005,Pocillopora_dead,born,none
1182,-1,432,0.0,107.87281920000001,Pocillopora,born,none
1183,-1,438,0.0,10.955833199999999,Pocillopora_dead,born,none
1184,-1,443,0.0,6.999313680000001,Pocillopora_dead,born,none
1185,-1,447,0.0,51.84726084000001,Pocillopora_dead,born,none
1186,-1,452,0.0,35.83488924000001,Pocillopora_dead,born,none
1187,-1,456,0.0,11.448180360000002,Pocillopora_dead,born,none
1188,-1,457,0.0,10.050978960000002,Pocillopora_dead,born,none
1189,-1,463,0.0,10.973575440000001,Pocillopora,born,none
1190,-1,465,0.0,41.24183688000001,Pocillopora_dead,born,none
1191,-1,474,0.0,22.124573280000003,Pocillopora_dead,born,none
1192,-1,475,0.0,12.08246544,Pocillopora,born,none
1193,-1,479,0.0,129.74013000000002,Pocillopora_dead,born,none
1194,-1,484,0.0,28.037174760000003,Pocillopora_dead,born,none
335,-1,485,0.0,5.2339608,Pocillopora,born,none
1195,-1,486,0.0,183.43258380000003,Pocillopora_dead,born,none
1196,-1,492,0.0,2.3109267600000005,Pocillopora,born,none
1197,-1,493,0.0,34.9078572,Pocillopora,born,none
1198,-1,501,0.0,39.21035040000001,Pocillopora_dead,born,none
1199,-1,506,0.0,28.85775336,Pocillopora,born,none
1200,-1,516,0.0,17.67127104,Pocillopora_dead,born,none
1201,-1,525,0.0,15.382522080000001,Pocillopora,born,none
1202,-1,532,0.0,40.7627964,Pocillopora_dead,born,none
1203,-1,534,0.0,7.531580880000002,Pocillopora_dead,born,none
1204,-1,537,0.0,6.622291080000001,Pocillopora,born,none
1205,-1,538,0.0,3.3621544800000005,Pocillopora_dead,born,none
1206,-1,541,0.0,37.147815,Pocillopora_dead,born,none
1207,-1,543,0.0,32.17555224000001,Pocillopora,born,none
1208,-1,545,0.0,13.759107120000003,Pocillopora_dead,born,none
1209,-1,546,0.0,4.3291065600000005,Pocillopora_dead,born,none
1210,-1,547,0.0,27.580312080000002,Pocillopora,born,none
1211,-1,550,0.0,56.63766564,Pocillopora_dead,born,none
1212,-1,551,0.0,20.81164752,Pocillopora_dead,born,none
1213,-1,553,0.0,113.82977628,Pocillopora,born,none
1214,-1,559,0.0,128.48043096,Pocillopora,born,none
1215,-1,561,0.0,3.2512654800000007,Pocillopora,born,none
1216,-1,562,0.0,41.48579268,Pocillopora,born,none
1217,-1,564,0.0,107.78410800000002,Pocillopora_dead,born,none
1218,-1,565,0.0,4.444431120000001,Pocillopora_dead,born,none
1219,-1,567,0.0,65.37571884,Pocillopora,born,none
1220,-1,569,0.0,24.56413128,Pocillopora_dead,born,none
1221,-1,571,0.0,190.49399532000004,Pocillopora_dead,born,none
1222,-1,575,0.0,5.486787720000001,Pocillopora,born,none
1223,-1,576,0.0,7.181171640000001,Pocillopora,born,none
1224,-1,577,0.0,7.762230000000001,Pocillopora,born,none
1225,-1,580,0.0,28.844446680000004,Pocillopora_dead,born,none
1226,-1,585,0.0,16.757545680000003,Pocillopora,born,none
66,-1,586,0.0,136.88581716000002,Pocillopora,born,none
10,-1,587,0.0,301613.19644844,WA,born,none
1227,-1,590,0.0,118.38066084,Pocillopora,born,none
1228,-1,598,0.0,50.04198792000001,Pocillopora,born,none
1229,-1,604,0.0,75.29806656000001,Pocillopora,born,none
1230,-1,634,0.0,420.34471452,Pocillopora,born,none
1231,-1,641,0.0,39.77366652,Acropora,born,none
1232,-1,649,0.0,0.5810583600000001,Pocillopora_dead,born,none
1233,-1,650,0.0,5.6109834,Pocillopora_dead,born,none
1234,-1,651,0.0,0.23508468000000005,Pocillopora_dead,born,none
1235,-1,653,0.0,20.41688268,Pocillopora_dead,born,none
1236,-1,654,0.0,15.675269040000003,Pocillopora_dead,born,none
1237,-1,655,0.0,0.45242712000000007,Pocillopora,born,none
2,2,-1,315.248052042,0.0,Pocillopora_dead,dead,none
836,6,-1,732.6178988831999,0.0,Pocillopora_dead,dead,none
838,9,-1,416.7255312792,0.0,Pocillopora_dead,dead,none
839,14,-1,231.58478720519997,0.0,Pocillopora_dead,dead,none
23,18,-1,46.484035131599995,0.0,Pocillopora,dead,none
21,19,-1,52.998287641199994,0.0,Pocillopora,dead,none
619,21,-1,108.72047486519999,0.0,Pocillopora_dead,dead,none
842,23,-1,30.2917185252,0.0,Pocillopora,dead,none
618,24,-1,66.11122021679999,0.0,Pocillopora_dead,dead,none
23,26,-1,89.21770933679998,0.0,Pocillopora,dead,none
35,30,-1,14.1127325856,0.0,Pocillopora,dead,none
1,32,-1,189.06440366879997,0.0,Pocillopora,dead,none
22,34,-1,137.216996928,0.0,Pocillopora,dead,none
70,39,-1,51.345284958,0.0,Pocillopora,dead,none
846,40,-1,37.6946821548,0.0,Pocillopora,dead,none
19,41,-1,22.973182451999996,0.0,Pocillopora,dead,none
51,46,-1,58.69492592039999,0.0,Pocillopora,dead,none
622,51,-1,177.76888533359997,0.0,Pocillopora,dead,none
847,55,-1,47.23055247239999,0.0,Pocillopora_dead,dead,none
848,56,-1,23.9196597948,0.0,Pocillopora_dead,dead,none
1,57,-1,60.103533045599995,0.0,Pocillopora,dead,none
627,59,-1,84.2809190652,0.0,Pocillopora_dead,dead,none
55,60,-1,21.862293552,0.0,Pocillopora,dead,none
849,62,-1,59.9480085996,0.0,Pocillopora_dead,dead,none
405,65,-1,260.4856728276,0.0,Pocillopora,dead,none
851,69,-1,133.3111115556,0.0,Pocillopora_dead,dead,none
55,71,-1,34.357571899199996,0.0,Pocillopora,dead,none
57,75,-1,362.49193518119995,0.0,Pocillopora_dead,dead,none
404,77,-1,344.45109944519993,0.0,Pocillopora,dead,none
852,79,-1,116.5500198324,0.0,Pocillopora_dead,dead,none
77,86,-1,277.40228899679994,0.0,Pocillopora_dead,dead,none
416,88,-1,70.55477581679999,0.0,Pocillopora,dead,none
855,89,-1,139.18104850319997,0.0,Pocillopora_dead,dead,none
856,90,-1,167.921966124,0.0,Pocillopora_dead,dead,none
70,92,-1,66.2356397736,0.0,Pocillopora,dead,none
859,94,-1,285.87614952599995,0.0,Pocillopora_dead,dead,none
861,97,-1,685.1829428532,0.0,Pocillopora_dead,dead,none
405,100,-1,20.2715006472,0.0,Pocillopora,dead,none
94,101,-1,466.7155317792,0.0,Pocillopora_dead,dead,none
862,103,-1,51.585236960399996,0.0,Pocillopora_dead,dead,none
863,108,-1,36.05501013839999,0.0,Pocillopora_dead,dead,none
865,115,-1,32.3446412124,0.0,Pocillopora,dead,none
866,116,-1,61.409938391999994,0.0,Pocillopora_dead,dead,none
86,118,-1,291.52390869359994,0.0,Pocillopora_dead,dead,none
868,129,-1,65.15585576279999,0.0,Pocillopora_dead,dead,none
98,131,-1,75.05165408399999,0.0,Pocillopora,dead,none
428,133,-1,12.401963679599998,0.0,Pocillopora,dead,none
93,134,-1,123.62860390319999,0.0,Pocillopora_dead,dead,none
869,135,-1,51.131994289199994,0.0,Pocillopora_dead,dead,none
104,136,-1,76.5891243216,0.0,Pocillopora,dead,none
441,140,-1,59.70805659719999,0.0,Pocillopora,dead,none
870,142,-1,32.158011877199996,0.0,Pocillopora_dead,dead,none
428,144,-1,13.3884330228,0.0,Pocillopora,dead,none
871,146,-1,133.040054664,0.0,Pocillopora_dead,dead,none
874,161,-1,38.5967239416,0.0,Pocillopora_dead,dead,none
875,162,-1,82.27687548959999,0.0,Pocillopora,dead,none
145,164,-1,750.716500842,0.0,Pocillopora_dead,dead,none
876,166,-1,72.37663361279999,0.0,Pocillopora_dead,dead,none
131,175,-1,32.07802787639999,0.0,Pocillopora,dead,none
131,176,-1,62.17422995519999,0.0,Pocillopora,dead,none
664,179,-1,35.5528883556,0.0,Pocillopora,dead,none
122,180,-1,129.86735596559998,0.0,Pocillopora,dead,none
665,181,-1,63.7516921932,0.0,Pocillopora,dead,none
880,182,-1,245.5686566784,0.0,Pocillopora_dead,dead,none
137,187,-1,146.35294724159996,0.0,Pocillopora,dead,none
135,188,-1,161.2166407236,0.0,Pocillopora,dead,none
881,189,-1,119.7671540868,0.0,Pocillopora_dead,dead,none
131,194,-1,32.9400776628,0.0,Pocillopora,dead,none
883,199,-1,87.7646666556,0.0,Pocillopora_dead,dead,none
126,200,-1,96.80285874599998,0.0,Pocillopora,dead,none
449,201,-1,129.9473399664,0.0,Pocillopora,dead,none
884,204,-1,185.86948719240002,0.0,Pocillopora_dead,dead,none
885,210,-1,108.83156375519998,0.0,Pocillopora_dead,dead,none
886,213,-1,212.5885870152,0.0,Pocillopora_dead,dead,none
887,215,-1,47.7771098112,0.0,Pocillopora_dead,dead,none
448,217,-1,169.7793723648,0.0,Pocillopora,dead,none
438,224,-1,252.62502297119997,0.0,Pocillopora,dead,none
450,225,-1,221.044673322,0.0,Pocillopora,dead,none
155,226,-1,56.299849452,0.0,Pocillopora,dead,none
155,228,-1,25.5859931448,0.0,Pocillopora,dead,none
889,232,-1,32.5623754368,0.0,Pocillopora_dead,dead,none
462,235,-1,88.48007910719998,0.0,Pocillopora,dead,none
152,236,-1,127.08569015999997,0.0,Pocillopora_dead,dead,none
152,237,-1,288.17346777119997,0.0,Pocillopora_dead,dead,none
444,245,-1,177.6266915544,0.0,Pocillopora,dead,none
683,247,-1,67.1510122272,0.0,Pocillopora,dead,none
895,253,-1,59.574749929199996,0.0,Pocillopora_dead,dead,none
896,258,-1,38.1568119372,0.0,Pocillopora_dead,dead,none
169,259,-1,165.09586476239997,0.0,Pocillopora_dead,dead,none
446,261,-1,23.333110455599993,0.0,Pocillopora,dead,none
898,262,-1,90.42635646,0.0,Pocillopora_dead,dead,none
899,268,-1,134.0576288964,0.0,Pocillopora_dead,dead,none
175,270,-1,302.9749514748,0.0,Pocillopora,dead,none
900,271,-1,72.48327894719999,0.0,Pocillopora_dead,dead,none
901,273,-1,72.8565376176,0.0,Pocillopora_dead,dead,none
902,275,-1,83.8543377276,0.0,Pocillopora_dead,dead,none
465,276,-1,160.4079136044,0.0,Pocillopora,dead,none
903,277,-1,45.5153400108,0.0,Pocillopora,dead,none
904,280,-1,25.021661583599997,0.0,Pocillopora_dead,dead,none
906,283,-1,31.487034981599994,0.0,Pocillopora_dead,dead,none
696,286,-1,1318.2607527407997,0.0,Pocillopora_dead,dead,none
185,287,-1,830.2828074155998,0.0,Pocillopora_dead,dead,none
907,293,-1,31.233752312399996,0.0,Pocillopora_dead,dead,none
470,296,-1,18.667377075599997,0.0,Pocillopora,dead,none
181,298,-1,22.475504224799998,0.0,Pocillopora,dead,none
908,299,-1,17.263213506,0.0,Pocillopora_dead,dead,none
183,300,-1,34.82414523719999,0.0,Pocillopora,dead,none
909,301,-1,206.33206073039997,0.0,Pocillopora_dead,dead,none
188,304,-1,68.64404690880001,0.0,Pocillopora,dead,none
910,309,-1,62.43195618,0.0,Pocillopora_dead,dead,none
912,313,-1,26.3458411524,0.0,Pocillopora,dead,none
913,320,-1,162.878530518,0.0,Pocillopora_dead,dead,none
914,323,-1,79.1219510136,0.0,Pocillopora_dead,dead,none
209,329,-1,905.0767352748001,0.0,Pocillopora_dead,dead,none
701,335,-1,55.77995344679999,0.0,Pocillopora_dead,dead,none
202,336,-1,33.7887967824,0.0,Pocillopora,dead,none
700,337,-1,25.972582481999996,0.0,Pocillopora_dead,dead,none
200,341,-1,97.43384364119999,0.0,Pocillopora_dead,dead,none
217,347,-1,103.27711925519999,0.0,Pocillopora_dead,dead,none
484,350,-1,57.68179524359999,0.0,Pocillopora,dead,none
917,355,-1,76.8379634352,0.0,Pocillopora_dead,dead,none
705,356,-1,837.4547061540001,0.0,Pocillopora_dead,dead,none
918,358,-1,28.3987638396,0.0,Pocillopora_dead,dead,none
919,362,-1,1357.328493576,0.0,Pocillopora_dead,dead,none
920,363,-1,416.6188859448,0.0,Pocillopora_dead,dead,none
225,371,-1,133.106707998,0.0,Pocillopora_dead,dead,none
226,374,-1,180.34170402599997,0.0,Pocillopora,dead,none
923,375,-1,8.220577859999999,0.0,Pocillopora_dead,dead,none
924,377,-1,11.5043654484,0.0,Pocillopora_dead,dead,none
925,378,-1,23.6308286808,0.0,Pocillopora_dead,dead,none
926,380,-1,22.6665771156,0.0,Pocillopora_dead,dead,none
711,382,-1,174.2451457428,0.0,Pocillopora_dead,dead,none
927,395,-1,93.6390471588,0.0,Pocillopora_dead,dead,none
928,398,-1,23.377546011599996,0.0,Pocillopora_dead,dead,none
929,403,-1,36.632672366399994,0.0,Pocillopora_dead,dead,none
715,405,-1,32.14912476599999,0.0,Pocillopora,dead,none
930,407,-1,109.20926598119999,0.0,Pocillopora_dead,dead,none
931,408,-1,6.167655172799999,0.0,Pocillopora_dead,dead,none
240,411,-1,6.829744957199999,0.0,Pocillopora,dead,none
534,417,-1,76.45137409799999,0.0,Pocillopora,dead,none
932,420,-1,32.158011877199996,0.0,Pocillopora_dead,dead,none
933,422,-1,39.2943621708,0.0,Pocillopora_dead,dead,none
934,434,-1,52.571706303599996,0.0,Pocillopora_dead,dead,none
528,435,-1,88.64004710879999,0.0,Pocillopora,dead,none
257,436,-1,58.494965918400005,0.0,Pocillopora,dead,none
935,439,-1,59.174829925199994,0.0,Pocillopora_dead,dead,none
936,446,-1,75.12719452919998,0.0,Pocillopora_dead,dead,none
538,447,-1,4.3058053763999995,0.0,Pocillopora,dead,none
503,448,-1,40.9606955208,0.0,Pocillopora,dead,none
734,449,-1,106.80530240159999,0.0,Pocillopora,dead,none
732,451,-1,118.88733007799998,0.0,Pocillopora,dead,none
528,454,-1,87.3247546512,0.0,Pocillopora,dead,none
529,460,-1,90.36859023719998,0.0,Pocillopora,dead,none
504,463,-1,137.06591603759998,0.0,Pocillopora,dead,none
937,465,-1,179.94622757759996,0.0,Pocillopora_dead,dead,none
938,469,-1,79.228596348,0.0,Pocillopora,dead,none
939,470,-1,382.14578159999996,0.0,Pocillopora_dead,dead,none
533,471,-1,35.450686576799995,0.0,Pocillopora,dead,none
940,473,-1,105.10342060679999,0.0,Pocillopora_dead,dead,none
265,476,-1,89.2399271148,0.0,Pocillopora,dead,none
741,478,-1,51.976269853199994,0.0,Pocillopora_dead,dead,none
941,483,-1,23.404207345199996,0.0,Pocillopora,dead,none
743,488,-1,49.92334716599999,0.0,Pocillopora_dead,dead,none
541,489,-1,55.24228321919999,0.0,Pocillopora,dead,none
747,491,-1,62.84076329519999,0.0,Pocillopora_dead,dead,none
943,492,-1,157.15967446079998,0.0,Pocillopora_dead,dead,none
749,498,-1,176.6802142116,0.0,Pocillopora_dead,dead,none
545,499,-1,29.927346965999995,0.0,Pocillopora,dead,none
944,504,-1,70.66142115119999,0.0,Pocillopora_dead,dead,none
945,507,-1,14.890354815599997,0.0,Pocillopora_dead,dead,none
946,508,-1,32.3135363232,0.0,Pocillopora_dead,dead,none
289,512,-1,50.869824508799994,0.0,Pocillopora,dead,none
947,513,-1,21.7556482176,0.0,Pocillopora,dead,none
580,517,-1,272.1677805,0.0,Pocillopora,dead,none
949,518,-1,54.81570188159999,0.0,Pocillopora_dead,dead,none
951,526,-1,34.0865150076,0.0,Pocillopora,dead,none
301,528,-1,21.671220661199996,0.0,Pocillopora,dead,none
760,530,-1,37.3303105956,0.0,Pocillopora_dead,dead,none
303,541,-1,43.724587104,0.0,Pocillopora,dead,none
956,542,-1,59.0415232572,0.0,Pocillopora_dead,dead,none
958,545,-1,103.30822414439999,0.0,Pocillopora_dead,dead,none
959,547,-1,22.2711006672,0.0,Pocillopora_dead,dead,none
960,551,-1,68.1108202368,0.0,Pocillopora_dead,dead,none
963,556,-1,98.78468454359998,0.0,Pocillopora,dead,none
965,559,-1,95.5542196224,0.0,Pocillopora,dead,none
967,563,-1,117.51871495319998,0.0,Pocillopora_dead,dead,none
969,567,-1,67.32431089560001,0.0,Pocillopora_dead,dead,none
970,573,-1,110.32015488119998,0.0,Pocillopora_dead,dead,none
331,578,-1,70.72363092959999,0.0,Pocillopora,dead,none
973,584,-1,13.312892577599998,0.0,Pocillopora,dead,none
399,593,-1,95.3675902872,0.0,Pocillopora,dead,none
335,601,-1,57.232996127999996,0.0,Pocillopora,dead,none
786,604,-1,75.37159008719999,0.0,Pocillopora_dead,dead,none
348,606,-1,69.31946735999999,0.0,Pocillopora,dead,none
978,608,-1,41.022905299200005,0.0,Pocillopora_dead,dead,none
980,610,-1,48.967982711999994,0.0,Pocillopora,dead,none
981,613,-1,20.6047673172,0.0,Pocillopora,dead,none
787,614,-1,185.60287385639995,0.0,Pocillopora_dead,dead,none
982,618,-1,153.1293695316,0.0,Pocillopora_dead,dead,none
790,619,-1,22.7465611164,0.0,Pocillopora,dead,none
789,623,-1,23.368658900399996,0.0,Pocillopora,dead,none
985,627,-1,37.2903185952,0.0,Pocillopora_dead,dead,none
100,635,-1,91.53724536,0.0,Pocillopora,dead,none
802,644,-1,49.598967607199995,0.0,Pocillopora,dead,none
806,653,-1,64.5693064236,0.0,Pocillopora,dead,none
372,662,-1,32.597923881599996,0.0,Pocillopora,dead,none
811,667,-1,36.370502586,0.0,Pocillopora,dead,none
991,671,-1,46.395164019599996,0.0,Pocillopora_dead,dead,none
376,675,-1,28.905329178000002,0.0,Pocillopora,dead,none
369,677,-1,54.646846768799996,0.0,Pocillopora,dead,none
992,683,-1,353.21823464399995,0.0,Pocillopora_dead,dead,none
993,684,-1,83.7654666156,0.0,Pocillopora_dead,dead,none
815,685,-1,68.1241509036,0.0,Pocillopora,dead,none
369,686,-1,213.92609725079998,0.0,Pocillopora,dead,none
996,690,-1,28.585393174799997,0.0,Pocillopora_dead,dead,none
997,693,-1,42.880311539999994,0.0,Pocillopora_dead,dead,none
818,695,-1,111.00446244359999,0.0,Pocillopora,dead,none
998,699,-1,34.6019674572,0.0,Pocillopora,dead,none
9,706,-1,67.77311001119999,0.0,Pocillopora,dead,none
1001,711,-1,212.8107647952,0.0,Pocillopora_dead,dead,none
562,712,-1,26.750204711999995,0.0,Pocillopora,dead,none
563,716,-1,48.825788932799995,0.0,Pocillopora,dead,none
823,717,-1,62.6630210712,0.0,Pocillopora_dead,dead,none
825,724,-1,73.6785954036,0.0,Acropora,dead,none
1004,725,-1,307.64957196599994,0.0,Pocillopora_dead,dead,none
1005,726,-1,214.63706614679998,0.0,Pocillopora_dead,dead,none
1006,727,-1,1244.2533342227998,0.0,Pocillopora_dead,dead,none
710,728,-1,471.63899138399995,0.0,Pocillopora_dead,dead,none
1007,729,-1,529.4363190731999,0.0,Pocillopora_dead,dead,none
1008,730,-1,291.1773113568,0.0,Pocillopora_dead,dead,none
832,733,-1,96.74509252319999,0.0,Acropora,dead,none
1009,734,-1,159.7635980424,0.0,Pocillopora_dead,dead,none
1010,736,-1,376.1292073176,0.0,Pocillopora_dead,dead,none
1011,738,-1,389.60206789679995,0.0,Pocillopora_dead,dead,none
1012,740,-1,345.28204434239996,0.0,Pocillopora_dead,dead,none
1013,741,-1,71.53235804879999,0.0,Pocillopora_dead,dead,none
819,0,648,102.80610236159998,139.20561504000003,Pocillopora,grow,none
50,1,255,945.0243001188,1280.9453724000002,Pocillopora,grow,none
615,12,652,651.64742874,819.3189009600001,Pocillopora_dead,grow,none
841,20,22,80.10397680119999,176.2469766,Pocillopora_dead,grow,none
843,25,25,226.96348938120002,266.05819548000005,Pocillopora_dead,grow,none
845,29,3,491.6172173615999,1121.38940808,Pocillopora_dead,grow,fuse
52,31,29,477.2467585511999,805.8481052400001,Pocillopora_dead,grow,fuse
52,33,29,196.2363024072,805.8481052400001,Pocillopora_dead,grow,fuse
43,37,16,204.34134782159998,239.65774236000001,Pocillopora,grow,none
413,45,589,322.12223255519996,377.4528493200001,Pocillopora,grow,fuse
62,48,44,340.7718354084,1907.46378684,Pocillopora_dead,grow,fuse
623,52,13,225.79483425839996,290.81305584000006,Pocillopora,grow,none
1,54,43,74.97611363879999,87.11883396000002,Pocillopora,grow,none
845,58,3,50.7853969524,1121.38940808,Pocillopora_dead,grow,fuse
59,63,584,223.79523423839998,259.18751304,Pocillopora,grow,none
413,64,589,42.8891986512,377.4528493200001,Pocillopora,grow,fuse
58,67,56,104.25470148719998,153.12440232000003,Pocillopora,grow,none
73,70,53,178.0488293364,1309.9583703600001,Pocillopora_dead,grow,fuse
362,73,588,289.3287922272,333.90452124,Pocillopora,grow,none
633,80,65,78.40653856199998,293.34132504,Pocillopora_dead,grow,fuse
62,81,44,398.3469853176,1907.46378684,Pocillopora_dead,grow,fuse
73,85,53,664.86700665,1309.9583703600001,Pocillopora_dead,grow,fuse
633,87,65,72.5499322812,293.34132504,Pocillopora_dead,grow,fuse
857,91,72,18.405207295199997,38.562758640000006,Pocillopora,grow,none
860,96,73,107.2629886284,905.9542588800001,Pocillopora_dead,grow,fuse
403,98,59,170.565881706,203.95148436000002,Pocillopora,grow,none
121,109,77,234.50864678999994,1148.76124884,Pocillopora_dead,grow,fuse
644,112,86,41.11177641119999,76.10090292000001,Pocillopora_dead,grow,fuse
62,114,44,337.69689493320004,1907.46378684,Pocillopora_dead,grow,fuse
121,120,77,845.0309684519999,1148.76124884,Pocillopora_dead,grow,fuse
644,123,86,38.885555055599994,76.10090292000001,Pocillopora_dead,grow,fuse
91,125,631,309.32479242719995,347.96524644000004,Pocillopora,grow,none
666,126,101,577.6755586667999,3289.5088783200003,Pocillopora_dead,grow,fuse
867,128,103,1012.2108607907999,1191.55996728,Pocillopora_dead,grow,none
106,145,344,99.91779122159998,144.98958528000003,Pocillopora,grow,fuse
109,148,117,152.68945752719998,167.06093184000002,Pocillopora,grow,none
110,150,602,137.30142448439997,189.0213894,Pocillopora,grow,none
666,154,101,707.8939555247999,3289.5088783200003,Pocillopora_dead,grow,fuse
659,157,595,93.87011204999999,122.83396308000002,Pocillopora,grow,none
106,158,344,56.970826347599996,144.98958528000003,Pocillopora,grow,fuse
122,160,601,155.91103533719996,208.94592492000004,Pocillopora,grow,none
409,165,629,278.26878233879995,303.01971696000004,Pocillopora,grow,none
148,172,132,79.384120794,731.5081196400001,Pocillopora_dead,grow,fuse
878,173,143,94.0434107184,2195.9880937200005,Pocillopora_dead,grow,fuse
879,177,145,95.14096895159999,160.78017888000002,Pocillopora_dead,grow,none
675,184,131,516.9854762819999,580.82327532,Pocillopora_dead,grow,none
126,185,596,156.7419802344,189.30526524,Pocillopora,grow,none
125,190,137,250.77206028599997,268.80380712000004,Pocillopora,grow,none
666,192,101,1031.393690316,3289.5088783200003,Pocillopora_dead,grow,fuse
148,193,132,325.23716503079993,731.5081196400001,Pocillopora_dead,grow,fuse
878,197,143,269.412776028,2195.9880937200005,Pocillopora_dead,grow,fuse
164,198,138,965.6512852139999,1923.8043898800004,Pocillopora_dead,grow,fuse
878,202,143,285.6273104124,2195.9880937200005,Pocillopora_dead,grow,fuse
666,203,101,851.4385756272,3289.5088783200003,Pocillopora_dead,grow,fuse
126,206,597,100.5887681172,127.65985236,Pocillopora,grow,none
149,207,594,145.19317923,171.66060756000002,Pocillopora,grow,none
150,208,165,227.94107161319997,293.23930716,Pocillopora,grow,none
151,209,163,27.812214500399996,142.28389368,Pocillopora_dead,grow,none
136,211,166,416.5211277216,459.3776425200001,Pocillopora,grow,none
878,212,143,955.0178566632,2195.9880937200005,Pocillopora_dead,grow,fuse
154,221,176,60.4145819376,68.39633520000001,Pocillopora,grow,none
164,227,138,519.9804327564,1923.8043898800004,Pocillopora_dead,grow,fuse
439,231,609,470.95468382159993,503.4937222800001,Pocillopora,grow,none
890,233,189,1131.6358610963998,1963.6845098400001,Pocillopora_dead,grow,fuse
158,240,192,71.052454044,97.80853356000001,Pocillopora,grow,none
892,241,193,88.40009510639999,106.82159148000001,Pocillopora,grow,none
890,242,189,62.72078729399999,1963.6845098400001,Pocillopora_dead,grow,fuse
890,244,189,525.9970070388,1963.6845098400001,Pocillopora_dead,grow,fuse
159,249,168,449.2479147155999,2061.50635008,Pocillopora_dead,grow,fuse
878,252,143,69.75493580879998,2195.9880937200005,Pocillopora_dead,grow,fuse
890,254,189,163.60283008079998,1963.6845098400001,Pocillopora_dead,grow,fuse
685,257,203,73.30978028879998,87.92610588000001,Pocillopora,grow,none
688,264,199,46.946164914,133.83415188,Pocillopora,grow,fuse
170,267,204,229.65628407479994,377.0625200400001,Pocillopora_dead,grow,none
159,269,168,548.1747930383999,2061.50635008,Pocillopora_dead,grow,fuse
688,272,199,39.614298174,133.83415188,Pocillopora,grow,fuse
181,274,608,384.58973717999993,734.9855986800001,Pocillopora,grow,fuse
209,288,207,972.2810701692,2128.2970125600004,Pocillopora_dead,grow,fuse
185,290,224,825.5726384796,1959.35983884,Pocillopora_dead,grow,fuse
209,291,207,53.8736680944,2128.2970125600004,Pocillopora_dead,grow,fuse
181,295,608,272.9720640636,734.9855986800001,Pocillopora,grow,fuse
186,302,216,132.40018265759997,151.24372488,Pocillopora,grow,none
216,310,234,602.6838895835999,1324.0856289600001,Pocillopora_dead,grow,fuse
195,315,626,149.036854824,168.46700436000003,Pocillopora,grow,none
199,321,615,105.88992994799999,113.63904720000002,Pocillopora,grow,none
185,322,224,731.5247842055999,1959.35983884,Pocillopora_dead,grow,fuse
216,324,234,235.22850279719998,1324.0856289600001,Pocillopora_dead,grow,fuse
201,326,245,373.3564286232,491.74392384,Pocillopora,grow,none
204,328,239,240.640753518,269.39817216,Pocillopora,grow,none
699,332,238,37.25477015039999,229.94386596,Pocillopora,grow,none
703,339,256,83.73880528199999,93.64354272,Pocillopora_dead,grow,none
210,340,616,124.81947680399999,156.5530902,Pocillopora,grow,none
915,344,266,18.3385539612,58.762298879999996,Pocillopora_dead,grow,none
491,346,622,195.8630437368,218.340441,Pocillopora,grow,none
214,360,279,86.37827730839999,110.2901994,Pocillopora,grow,none
221,361,282,218.72958085439998,259.88389596,Pocillopora,grow,none
209,365,207,200.4443495604,2128.2970125600004,Pocillopora_dead,grow,fuse
223,366,620,183.85211294999996,241.25897952000003,Pocillopora,grow,none
224,367,287,491.968258254,2965.948083,Pocillopora_dead,grow,fuse
921,368,280,46.83063246839999,153.48811824000003,Pocillopora_dead,grow,none
229,373,286,362.2297654008,472.38714,Pocillopora,grow,none
262,376,291,771.1924050468,3787.8529154400003,Pocillopora_dead,grow,fuse
517,379,289,324.6195108024,363.88003572,Pocillopora,grow,none
262,389,291,208.2783380832,3787.8529154400003,Pocillopora_dead,grow,fuse
284,391,303,327.83220150119996,8544.383343720001,Pocillopora_dead,grow,fuse
284,392,303,579.7818040212001,8544.383343720001,Pocillopora_dead,grow,fuse
224,393,287,22.146681110399996,2965.948083,Pocillopora_dead,grow,fuse
284,394,303,834.7352501268,8544.383343720001,Pocillopora_dead,grow,fuse
262,396,291,57.73067435519999,3787.8529154400003,Pocillopora_dead,grow,fuse
714,399,621,67.4798353416,90.43219728000003,Pocillopora,grow,none
224,400,287,121.0602287664,2965.948083,Pocillopora_dead,grow,fuse
284,402,303,119.78937186479999,8544.383343720001,Pocillopora_dead,grow,fuse
224,406,287,43.95565199519999,2965.948083,Pocillopora_dead,grow,fuse
262,409,291,41.813858196,3787.8529154400003,Pocillopora_dead,grow,fuse
248,412,313,338.93220339,386.62115184000004,Pocillopora,grow,none
720,413,315,86.5204710876,101.74287528,Pocillopora,grow,none
262,414,291,364.30934942159996,3787.8529154400003,Pocillopora_dead,grow,fuse
284,415,303,833.1355701107999,8544.383343720001,Pocillopora_dead,grow,fuse
224,416,287,190.54410768359998,2965.948083,Pocillopora_dead,grow,fuse
245,418,317,342.8247580956,390.48008904,Pocillopora,grow,none
256,419,306,312.42639423599996,365.96474892000003,Pocillopora_dead,grow,none
284,426,303,338.6389287204,8544.383343720001,Pocillopora_dead,grow,fuse
272,428,316,416.6277730559999,2182.0781775600003,Pocillopora_dead,grow,fuse
272,429,316,193.383539712,2182.0781775600003,Pocillopora_dead,grow,fuse
224,433,287,65.55133221119999,2965.948083,Pocillopora_dead,grow,fuse
262,442,291,243.31577398919998,3787.8529154400003,Pocillopora_dead,grow,fuse
224,443,287,357.17299912799996,2965.948083,Pocillopora_dead,grow,fuse
224,445,287,589.4021018952,2965.948083,Pocillopora_dead,grow,fuse
284,450,303,267.0221431152,8544.383343720001,Pocillopora_dead,grow,fuse
737,452,340,598.7691170999999,782.2420549200001,Pocillopora_dead,grow,none
262,453,291,116.73664916759999,3787.8529154400003,Pocillopora_dead,grow,fuse
262,455,291,330.0850841903999,3787.8529154400003,Pocillopora_dead,grow,fuse
272,456,316,696.9272603039999,2182.0781775600003,Pocillopora_dead,grow,fuse
272,458,316,327.2278779396,2182.0781775600003,Pocillopora_dead,grow,fuse
262,459,291,903.5170472591999,3787.8529154400003,Pocillopora_dead,grow,fuse
284,461,303,564.6914892036,8544.383343720001,Pocillopora_dead,grow,fuse
270,466,349,138.23012760479997,184.1200956,Pocillopora,grow,none
284,472,303,259.5125341512,8544.383343720001,Pocillopora_dead,grow,fuse
275,474,352,130.6894137516,168.18312852000003,Pocillopora,grow,none
284,475,303,397.0405799712,8544.383343720001,Pocillopora_dead,grow,fuse
272,481,316,34.0865150076,2182.0781775600003,Pocillopora_dead,grow,fuse
262,484,291,166.5800123328,3787.8529154400003,Pocillopora_dead,grow,fuse
284,485,303,271.76786049599997,8544.383343720001,Pocillopora_dead,grow,fuse
746,490,364,38.4323123844,62.73212508000002,Pocillopora,grow,none
748,493,369,51.2608574016,59.276823840000006,Pocillopora,grow,none
575,497,373,597.3205179743999,686.4295233600001,Pocillopora,grow,none
284,500,303,535.0707475739999,8544.383343720001,Pocillopora_dead,grow,fuse
750,502,376,59.21037837,84.36878676,Pocillopora,grow,none
295,505,635,171.1924230456,190.41415524,Pocillopora,grow,none
289,506,371,36.53491414319999,305.18870580000004,Pocillopora,grow,fuse
545,510,636,501.1930796796,730.7895589200001,Pocillopora,grow,none
579,511,645,660.0990714912,755.5133703600001,Pocillopora,grow,none
948,515,388,37.281431483999995,115.35117335999999,Pocillopora_dead,grow,fuse
297,516,391,450.5543200619999,506.64296988000007,Pocillopora,grow,none
306,521,390,327.0812406048,446.68750536000005,Pocillopora,grow,fuse
948,522,388,21.9600517752,115.35117335999999,Pocillopora_dead,grow,fuse
309,536,410,266.0001253272,300.4382210400001,Pocillopora,grow,none
311,540,420,93.27023204399998,126.33361992000002,Pocillopora,grow,none
570,549,643,333.4310815572,363.85785792,Pocillopora,grow,none
306,550,390,141.70054452839997,446.68750536000005,Pocillopora,grow,fuse
962,555,434,41.27618796839999,57.671151120000005,Pocillopora_dead,grow,none
964,557,433,453.6337040928,618.7162644000001,Pocillopora_dead,grow,none
966,560,444,207.34963496279997,236.51736588000003,Pocillopora_dead,grow,none
570,561,429,391.2461834687999,421.39594224000007,Pocillopora,grow,none
328,569,441,176.7913031016,201.15708156000005,Pocillopora,grow,none
971,574,455,106.94749618079999,125.65054368000001,Pocillopora_dead,grow,none
326,575,460,474.2518020768,563.16531096,Pocillopora,grow,none
772,576,450,109.03596731279998,217.62188028000003,Pocillopora_dead,grow,none
336,577,458,239.60096150759998,4073.8622598000006,Pocillopora_dead,grow,fuse
555,581,462,424.38177757799997,581.08497336,Pocillopora,grow,none
332,582,464,132.79121555039998,146.49324012,Pocillopora,grow,none
974,586,468,11.246639223599997,84.61274256,Pocillopora_dead,grow,none
778,590,470,65.99124421559999,357.03596664,Pocillopora_dead,grow,fuse
334,591,579,386.3849336424,416.2373859600001,Pocillopora,grow,none
573,592,660,262.20977240039997,470.4887203200001,Pocillopora,grow,none
975,596,477,40.569662627999996,50.521028400000006,Pocillopora,grow,none
343,597,478,70.608098484,75.071853,Pocillopora,grow,none
336,602,458,42.2671008672,4073.8622598000006,Pocillopora_dead,grow,fuse
977,603,487,86.21386575119999,182.2793382,Pocillopora_dead,grow,none
778,605,470,22.279987778399995,357.03596664,Pocillopora_dead,grow,fuse
979,609,488,568.5840439091999,686.9174349600002,Pocillopora_dead,grow,none
350,615,637,272.07890938799994,301.44509316000006,Pocillopora,grow,none
791,620,495,66.67555177799998,79.66265760000002,Pocillopora_dead,grow,none
983,621,494,35.6684208012,49.37665392000001,Pocillopora,grow,none
792,622,471,64.8048148704,82.44818928000001,Pocillopora,grow,none
549,624,496,96.6606649668,134.26883676,Pocillopora,grow,none
352,628,500,265.85793154799995,291.53605212,Pocillopora,grow,none
358,632,504,57.810658356000005,81.82277532,Pocillopora,grow,none
986,634,508,346.38404613119997,441.79064712,Pocillopora_dead,grow,none
565,636,503,231.16709297879996,322.01278488,Pocillopora,grow,none
987,640,510,76.84685054639999,579.7498698,Pocillopora_dead,grow,fuse
988,643,514,224.866131138,508.6611496800001,Pocillopora_dead,grow,fuse
366,645,513,87.6802390992,110.41883064000001,Pocillopora,grow,none
559,649,515,66.6133419996,86.46237108000001,Pocillopora,grow,none
805,651,518,34.4419994556,44.23140432000001,Pocillopora,grow,none
336,652,458,25.714856257199997,4073.8622598000006,Pocillopora_dead,grow,fuse
807,654,517,59.9524521552,76.16300076,Pocillopora,grow,none
560,656,568,152.5605944148,162.64754964000002,Pocillopora,grow,none
988,658,514,267.01325600399997,508.6611496800001,Pocillopora_dead,grow,fuse
371,659,520,634.3442232335999,734.3601847200001,Pocillopora,grow,none
394,660,523,65.35581576479998,112.76524188000002,Pocillopora,grow,none
990,661,522,14.659289924399998,1005.7144388400001,Pocillopora_dead,grow,fuse
375,668,527,160.60787360639998,210.47175756000001,Pocillopora,grow,none
990,669,522,58.48163525159999,1005.7144388400001,Pocillopora_dead,grow,fuse
392,672,529,153.6492655368,166.04962416,Pocillopora,grow,none
336,674,458,46.910616469199994,4073.8622598000006,Pocillopora_dead,grow,fuse
990,676,522,676.5846627671999,1005.7144388400001,Pocillopora_dead,grow,fuse
393,678,533,173.5830559584,218.71302804000004,Pocillopora,grow,none
378,680,350,253.3404354228,399.42217800000003,Pocillopora,grow,none
994,688,544,317.4342813972,342.29660076000005,Pocillopora,grow,split
995,689,549,189.2021538924,618.7251355200001,Pocillopora_dead,grow,none
385,691,512,165.0025500948,194.9650398,Pocillopora,grow,none
369,694,578,42.43151242439999,206.93661624000003,Pocillopora,grow,none
3,700,540,72.274431834,319.15628424000005,Pocillopora,grow,fuse
3,702,540,200.06664733440002,319.15628424000005,Pocillopora,grow,fuse
388,704,558,160.3812522708,169.30088964000004,Pocillopora,grow,none
1000,708,560,143.1447000984,392.40955764000006,Pocillopora_dead,grow,none
396,710,563,161.3810522808,209.45601432000004,Pocillopora,grow,none
1003,722,573,365.67352099079994,470.95001856000005,Pocillopora_dead,grow,none
598,731,617,231.22930275719995,279.97254720000007,Acropora,grow,none
597,732,640,393.6723648264,449.47747260000006,Acropora,grow,none
600,737,582,297.73599942239997,360.95256612000003,Acropora,grow,none
835,742,557,125.0460981396,163.88063532,Acropora,grow,none
837,7,7,560.9011362768,577.5986232,Pocillopora_dead,same,none
17,15,583,245.83527001439998,218.61544572000003,Pocillopora,shrink,none
44,36,28,110.0935335456,105.60624804000001,Pocillopora,same,none
453,76,52,408.14058185999994,388.41755364000005,Pocillopora,shrink,none
71,82,66,154.06251620759997,149.26546512000002,Pocillopora,same,none
858,93,75,172.61436083759997,170.04606372,Pocillopora_dead,same,none
860,95,73,925.5037603679999,905.9542588800001,Pocillopora_dead,same,fuse
80,104,80,234.45532412279996,232.46326404000004,Pocillopora,same,none
427,122,599,164.5759687572,170.68478436,Pocillopora,same,none
428,132,85,157.2085535724,151.15501368000002,Pocillopora,same,none
108,141,113,167.09990833799998,168.91499592,Pocillopora,same,none
437,159,125,198.338104206,196.92555732,Pocillopora,same,none
95,170,124,224.55063869039998,217.93680504000002,Pocillopora,same,none
888,216,172,700.1888301143999,664.42027464,Pocillopora_dead,shrink,split
147,218,173,113.85722513879999,115.43101344,Pocillopora,same,none
451,238,630,611.8020656747999,590.1690002400001,Pocillopora,same,split
891,239,188,208.16724919319998,218.21624532,Pocillopora_dead,same,none
894,248,190,244.040073552,235.86090300000004,Pocillopora,same,none
446,255,605,155.1111953292,151.38566280000003,Pocillopora,same,none
168,256,200,108.85378153319999,111.93579216,Pocillopora,same,none
482,278,214,321.7667481072,329.7971926800001,Pocillopora,same,none
472,282,606,190.2419459028,184.34187360000004,Pocillopora,same,none
165,289,225,167.88641767919998,167.91699492000004,Pocillopora,same,none
192,308,232,95.9985751824,93.52821816000001,Pocillopora,same,none
911,311,233,559.0259558135999,581.59506276,Pocillopora_dead,same,none
492,357,264,379.08417179159994,378.7968240000001,Pocillopora,same,none
254,425,623,94.625516502,90.83583324000001,Pocillopora,same,none
505,462,346,327.31674905159997,315.02677788,Pocillopora,same,none
281,486,366,350.92980351,342.32764968000004,Pocillopora,same,none
304,523,395,229.5585258516,236.88551736000002,Pocillopora,same,none
761,525,394,371.3301672696,369.35351676000005,Pocillopora_dead,same,none
579,544,384,67.5109402308,70.01087904,Pocillopora,same,none
961,554,435,513.8572131395999,518.2641370800001,Pocillopora_dead,same,none
323,565,442,120.1404127572,123.48155484,Pocillopora,same,none
399,589,469,171.64122216119998,164.64355164,Pocillopora,same,none
337,612,490,152.04069840959997,148.38722424000002,Pocillopora,same,none
549,639,638,190.8329387976,186.54634692000002,Pocillopora,same,none
364,642,489,319.5316396404,301.61364444000003,Pocillopora,shrink,none
551,646,511,169.53942036239997,174.28202352,Pocillopora,same,none
379,681,536,295.0476482844,301.7067912,Pocillopora,same,none
383,687,542,182.19911026679998,190.95085800000004,Pocillopora,same,split
561,692,548,681.5125659275999,690.1642648800001,Pocillopora,same,none
391,697,554,93.03472359719999,89.76686328000001,Pocillopora,same,none
605,735,644,244.1600495532,247.20262992000005,Acropora,same,none
395,739,156,297.92707231320003,297.09380880000003,Acropora,same,none
6,3,6,312.89741112959996,220.33200744,Pocillopora,shrink,none
47,5,5,297.68267675519996,243.51224400000004,Pocillopora,shrink,none
8,8,593,105.9654703932,66.54227112000001,Pocillopora,shrink,none
360,10,355,467.0221371156,382.07470284000004,Pocillopora,shrink,none
218,11,17,217.11657017159996,35.808275880000004,Pocillopora,shrink,none
14,13,14,144.88657389359997,133.63898724,Pocillopora,shrink,none
840,16,24,510.2845944371999,342.56716992,Pocillopora_dead,shrink,none
274,17,20,406.8030716244,288.04526640000006,Pocillopora,shrink,none
31,22,23,79.78404079799999,55.19167308000001,Pocillopora,shrink,none
30,27,591,193.339104156,145.93435956000002,Pocillopora,shrink,none
844,28,26,495.6697400688,2.0669709600000004,Pocillopora_dead,shrink,split
844,28,32,495.6697400688,241.23680172000002,Pocillopora_dead,shrink,split
42,35,27,38.934434167199996,32.1134544,Pocillopora,shrink,none
338,38,12,780.6082993631999,535.6825812000001,Pocillopora,shrink,split
338,38,34,780.6082993631999,65.88580824000002,Pocillopora,shrink,split
412,44,33,542.0560169771999,382.5714855600001,Pocillopora,shrink,none
38,47,49,336.62599803359996,170.55171756000004,Pocillopora,shrink,none
414,49,42,334.72415623679996,78.52271868000001,Pocillopora,shrink,none
53,53,45,171.83673860759998,18.305556120000002,Pocillopora,shrink,none
56,61,50,182.45683649159997,3.8367594,Pocillopora,shrink,none
850,66,68,441.6138861948,2.8609362000000003,Pocillopora_dead,shrink,none
12,68,60,31.287074979599996,24.448806720000004,Pocillopora,shrink,none
342,72,30,163.0207242972,117.33386868000001,Pocillopora,shrink,none
415,74,36,261.5876746164,210.42740196000003,Pocillopora,shrink,none
634,78,74,221.60456132759998,2.3242334400000004,Pocillopora_dead,shrink,none
853,83,67,399.90667333319993,121.61418408000003,Pocillopora_dead,shrink,split
853,83,79,399.90667333319993,7.37633628,Pocillopora_dead,shrink,split
854,84,69,298.7357994324,84.82121388000002,Pocillopora_dead,shrink,none
860,95,98,925.5037603679999,4.82145372,Pocillopora_dead,shrink,split
79,102,78,153.02272419719998,96.24721644000002,Pocillopora,shrink,none
82,105,83,538.7055760548,21.09552336,Pocillopora,shrink,split
82,105,87,538.7055760548,9.239271480000001,Pocillopora,shrink,split
432,106,600,394.8676812828,309.91701276000003,Pocillopora,shrink,none
407,107,82,96.8783991912,73.97626968,Pocillopora,shrink,none
864,110,105,101.2286401236,2.05809984,Pocillopora,shrink,none
426,111,84,141.51391519319998,133.96278312,Pocillopora,shrink,none
0,113,90,87.0981333156,59.50303740000001,Pocillopora,shrink,none
645,121,99,117.32764206239999,6.6755178,Pocillopora_dead,shrink,none
15,124,91,61.0144619436,22.275382320000002,Pocillopora,shrink,none
88,127,94,89.71983111959999,70.55645292,Pocillopora,shrink,none
97,130,109,275.18495475239996,217.00977300000002,Pocillopora,shrink,none
657,138,142,740.8651380767999,6.0634105200000015,Pocillopora_dead,shrink,none
163,139,110,258.88154925599997,84.63492036,Pocillopora,shrink,split
163,139,611,258.88154925599997,192.89806884,Pocillopora,shrink,split
433,143,116,229.91401029959994,169.05249828000004,Pocillopora,shrink,none
452,147,95,255.01565588399998,17.085777120000003,Pocillopora,shrink,split
452,147,658,255.01565588399998,178.49580552000003,Pocillopora,shrink,split
653,149,118,85.671751968,52.03798992000001,Pocillopora,shrink,none
872,151,123,129.3030244044,64.25795772000001,Pocillopora_dead,shrink,none
873,152,120,351.3608284032,323.12167488,Pocillopora_dead,shrink,none
111,153,128,157.4174006856,2.0004375600000004,Pocillopora,shrink,split
111,153,130,157.4174006856,5.903730360000001,Pocillopora,shrink,split
111,153,136,157.4174006856,4.768227,Pocillopora,shrink,split
117,155,603,172.6721270604,146.33355996000003,Pocillopora,shrink,none
123,156,127,270.2259467028,108.01475712000001,Pocillopora,shrink,none
877,167,129,28.283231393999994,20.76729192,Pocillopora_dead,shrink,none
126,168,122,208.269450972,169.75331676000002,Pocillopora,shrink,none
139,169,139,331.0093437552,77.27632632000001,Pocillopora_dead,shrink,none
455,174,141,194.46776727839998,154.80547956,Pocillopora,shrink,none
84,178,148,263.39175818999996,55.701762480000006,Pocillopora,shrink,none
133,183,153,116.8477380576,15.657526800000001,Pocillopora,shrink,none
138,186,147,142.60702987079998,85.0296852,Pocillopora,shrink,none
882,191,144,331.6847642064,265.26866580000006,Pocillopora_dead,shrink,split
882,191,160,331.6847642064,24.44437116,Pocillopora_dead,shrink,split
140,195,161,315.8657062703999,117.04999284000002,Pocillopora,shrink,none
123,196,158,36.18387325079999,17.848693439999998,Pocillopora,shrink,none
459,205,164,147.370521474,60.96233664000001,Pocillopora,shrink,none
152,214,179,222.37774000199997,31.026742200000005,Pocillopora_dead,shrink,none
888,216,183,700.1888301143999,7.0747181999999995,Pocillopora_dead,shrink,split
429,219,175,66.91994733599999,46.31168196000001,Pocillopora,shrink,none
674,222,177,203.79479048279998,118.096785,Pocillopora,shrink,none
140,223,180,137.59469915399998,108.19661508000002,Pocillopora,shrink,none
677,229,612,211.02445544399998,119.97302688000002,Pocillopora,shrink,none
167,230,181,336.665990034,93.25321344,Pocillopora,shrink,split
167,230,202,336.665990034,44.87456052,Pocillopora,shrink,split
156,234,187,72.252214056,44.315679960000004,Pocillopora,shrink,none
451,238,206,611.8020656747999,3.8855505600000004,Pocillopora,shrink,split
463,243,195,407.92729119119997,250.75551348000005,Pocillopora,shrink,none
893,246,211,733.96429623,15.3692154,Pocillopora_dead,shrink,none
161,250,198,159.34590381599997,106.90143156000002,Pocillopora,shrink,none
85,251,194,408.14946897119995,241.89770016000003,Pocillopora,shrink,none
897,260,215,532.3957271027999,2.7056916000000006,Pocillopora_dead,shrink,none
166,263,205,489.99531956759995,148.07673504000002,Pocillopora,shrink,split
166,263,213,489.99531956759995,2.73674052,Pocillopora,shrink,split
166,263,613,489.99531956759995,313.53199416,Pocillopora,shrink,split
469,265,114,127.9655141688,83.02924764000001,Pocillopora,shrink,none
173,266,209,413.9749703627999,150.77799108000002,Pocillopora,shrink,split
173,266,607,413.9749703627999,99.32105952,Pocillopora,shrink,split
177,279,625,246.03078646079996,136.25596764,Pocillopora,shrink,none
905,281,222,619.2716826384,547.1751171600001,Pocillopora_dead,shrink,none
178,284,610,195.8630437368,142.47905832,Pocillopora,shrink,none
489,292,226,337.7102256,262.87789896000004,Pocillopora,shrink,none
470,294,228,75.10942030679999,46.143130680000006,Pocillopora,shrink,none
184,297,614,324.93055969439996,284.41697832,Pocillopora,shrink,none
499,303,230,72.9098602848,68.61367764000002,Pocillopora,shrink,none
695,305,231,34.24203945359999,30.840448680000005,Pocillopora_dead,shrink,none
471,306,236,38.7966839436,30.90254652,Pocillopora,shrink,none
207,307,241,853.0693605323999,297.87446736000004,Pocillopora_dead,shrink,none
191,312,243,351.96515196479993,23.131445400000004,Pocillopora,shrink,split
191,312,247,351.96515196479993,196.61506812000005,Pocillopora,shrink,split
193,314,618,204.49687226759997,188.43589548,Pocillopora,shrink,none
208,316,242,317.97639518039995,236.55728592000003,Pocillopora,shrink,none
483,317,244,420.89358643199995,345.4946395200001,Pocillopora,shrink,none
490,318,251,130.1428564128,45.650783520000005,Pocillopora,shrink,none
477,325,628,298.1714678712,168.31619532000002,Pocillopora,shrink,none
467,330,257,75.1894043076,36.797405760000004,Pocillopora,shrink,none
174,331,259,395.97857018279996,252.57852864000003,Pocillopora,shrink,split
174,331,271,395.97857018279996,70.36572384000002,Pocillopora,shrink,split
190,333,265,158.17280513759997,65.65515912000002,Pocillopora,shrink,none
205,334,273,115.77684115799998,25.04760732,Pocillopora,shrink,none
214,342,262,254.85124432679996,172.37916828000002,Pocillopora,shrink,split
214,342,269,254.85124432679996,5.948085960000001,Pocillopora,shrink,split
214,342,276,254.85124432679996,5.775099120000001,Pocillopora,shrink,split
212,343,627,242.80476509519997,231.3809874,Pocillopora,same,none
480,345,263,209.1626056476,85.75268148,Pocillopora,shrink,none
481,348,277,306.96082084799997,43.72575048000001,Pocillopora,shrink,split
481,348,281,306.96082084799997,16.509154320000004,Pocillopora,shrink,split
481,348,288,306.96082084799997,17.86200012,Pocillopora,shrink,split
916,349,272,851.1586316244,664.07430096,Pocillopora_dead,shrink,none
190,351,274,301.6907639064,67.17655620000001,Pocillopora,shrink,none
215,352,270,132.02692398719998,38.42082072000001,Pocillopora,shrink,none
513,353,278,76.4247127644,65.05192296000001,Pocillopora,shrink,none
478,354,254,174.68950130279998,92.60118612000001,Pocillopora,shrink,none
196,359,619,110.36014688159999,53.51059584000001,Pocillopora,shrink,none
514,364,632,202.3728526908,154.54821708,Pocillopora,shrink,none
214,369,296,137.6524653768,13.11595092,Pocillopora,shrink,none
922,370,290,112.17311756639998,20.90035872,Pocillopora_dead,shrink,none
227,372,292,245.26649489759998,42.284193480000006,Pocillopora,shrink,split
227,372,295,245.26649489759998,161.29470384,Pocillopora,shrink,split
228,383,297,311.982038676,249.77969027999998,Pocillopora,shrink,split
228,383,307,311.982038676,3.3444122400000005,Pocillopora,shrink,split
228,383,309,311.982038676,8.946524520000002,Pocillopora,shrink,split
500,384,299,388.46451766319996,301.94187588000005,Pocillopora,shrink,none
486,385,300,33.8643372276,14.712752520000004,Pocillopora,shrink,none
238,386,285,283.64992817039996,183.67210404000002,Pocillopora,shrink,none
240,387,624,125.17496125199999,98.00369820000002,Pocillopora,shrink,none
498,388,301,427.66112161079997,408.1779734400001,Pocillopora,same,none
712,390,284,188.9133227784,73.15569108000001,Pocillopora,shrink,none
243,401,311,166.50891544319998,103.01144544,Pocillopora,shrink,none
242,404,302,186.70487564519996,156.79704600000002,Pocillopora,shrink,none
535,410,312,191.75719836239998,37.959522480000004,Pocillopora,shrink,none
501,421,326,170.2503892584,52.04242548000001,Pocillopora,shrink,none
255,423,253,356.3864897867999,99.14807268,Pocillopora,shrink,split
255,423,321,356.3864897867999,232.13059704000003,Pocillopora,shrink,split
522,424,633,376.7379744348,299.40917112000005,Pocillopora,shrink,none
253,427,328,118.73180563199999,62.12001780000001,Pocillopora,shrink,split
253,427,337,118.73180563199999,3.1448120400000006,Pocillopora,shrink,split
537,430,330,389.1932607816,283.57422192,Pocillopora,shrink,none
253,431,334,114.99921892799999,42.869687400000004,Pocillopora,shrink,none
527,437,339,298.2781132056,100.01300688,Pocillopora,shrink,none
496,440,325,151.52524595999998,103.92073524000001,Pocillopora,shrink,none
250,441,336,130.7427364188,114.35317236,Pocillopora,shrink,none
267,457,345,198.42253176239996,135.16038432000002,Pocillopora,shrink,none
532,464,348,99.14905610279999,93.52821816000001,Pocillopora,shrink,none
531,477,356,217.0987959492,155.83452948000001,Pocillopora,shrink,none
524,479,358,83.3877643896,15.1030818,Pocillopora,shrink,split
524,479,362,83.3877643896,14.575250160000001,Pocillopora,shrink,split
541,482,363,84.16983017519999,20.98463436,Pocillopora,shrink,none
942,487,361,506.4409188432,366.1155579600001,Pocillopora_dead,shrink,none
287,494,372,58.539401474399995,46.67096232,Pocillopora,shrink,none
507,495,370,285.59620552319996,256.10479884,Pocillopora,shrink,none
289,496,371,369.6282854748,305.18870580000004,Pocillopora,shrink,fuse
293,501,445,200.83982600879997,15.395828760000002,Pocillopora,shrink,none
302,503,396,413.86388147279996,12.938528520000002,Pocillopora_dead,shrink,none
508,509,382,145.56199434479998,113.93179416000001,Pocillopora,shrink,none
546,514,387,466.9288224479999,167.08310964,Pocillopora,shrink,split
546,514,412,466.9288224479999,21.250767960000005,Pocillopora,shrink,split
753,520,402,119.88268653239999,57.50259984000001,Pocillopora_dead,shrink,none
950,524,407,78.9308781228,36.64216116,Pocillopora_dead,shrink,none
303,529,531,315.92347249319994,294.31714824000005,Pocillopora,shrink,none
509,531,406,100.3843645596,58.43850300000001,Pocillopora,shrink,none
952,532,415,97.158343194,3.6593370000000003,Pocillopora_dead,shrink,none
953,533,408,284.7119379588,230.79105792000007,Pocillopora_dead,shrink,none
510,534,400,280.7127379188,211.71814992000003,Pocillopora,shrink,none
577,535,413,186.48269786519998,172.74731976000004,Pocillopora,shrink,none
954,537,418,48.85245026639999,2.3331045600000007,Pocillopora_dead,shrink,none
576,538,414,205.03898605079996,192.51217512,Pocillopora,shrink,none
955,539,419,155.77772866919997,127.07435844000001,Pocillopora,shrink,none
957,543,427,352.7783226396,163.09110564000002,Pocillopora_dead,shrink,none
307,546,424,390.98401368839995,352.28991744000007,Pocillopora,shrink,none
315,548,642,362.638572516,309.47789232,Pocillopora,shrink,none
557,552,436,309.7291559868,15.830513640000001,Pocillopora,shrink,split
557,552,446,309.7291559868,7.314238440000001,Pocillopora,shrink,split
557,552,448,309.7291559868,92.86731972000001,Pocillopora,shrink,split
557,552,451,309.7291559868,2.93634072,Pocillopora,shrink,split
767,553,449,66.3778335528,3.49522128,Pocillopora_dead,shrink,none
319,558,437,350.3388106152,297.071631,Pocillopora,shrink,none
320,562,581,106.56979395479999,92.07335448000002,Pocillopora,shrink,none
571,564,440,208.82933897759997,181.03294584,Pocillopora,shrink,none
968,566,439,376.0181184276,347.2954768800001,Pocillopora_dead,shrink,none
325,568,453,419.00063174639996,322.40311416000003,Pocillopora,shrink,none
317,571,454,377.08457177159994,317.04939324000003,Pocillopora,shrink,none
327,572,459,108.3294419724,70.54758180000002,Pocillopora,shrink,none
972,579,461,27.563375386799997,8.34772392,Pocillopora_dead,shrink,none
335,583,466,228.62537917559996,19.214845920000002,Pocillopora,shrink,split
335,583,472,228.62537917559996,11.900607480000001,Pocillopora,shrink,split
335,583,480,228.62537917559996,10.08202788,Pocillopora,shrink,split
335,583,656,228.62537917559996,10.6009884,Pocillopora,shrink,split
574,585,467,739.9986447347999,645.87963384,Pocillopora,shrink,none
785,588,473,140.6651960736,2.1734244000000005,Pocillopora_dead,shrink,split
785,588,481,140.6651960736,2.4040735200000003,Pocillopora_dead,shrink,split
782,594,476,280.8860365872,211.465323,Pocillopora_dead,shrink,none
333,595,499,330.2139473028,4.164990840000001,Pocillopora,shrink,none
976,599,483,88.99553155679997,1.0734055200000001,Pocillopora_dead,shrink,none
339,600,482,173.3253297336,102.572325,Pocillopora,shrink,none
361,616,491,191.9927068092,113.99389200000002,Pocillopora_dead,shrink,none
355,617,502,175.053872862,128.24534628,Pocillopora,shrink,none
984,625,497,34.5886367904,32.54370372,Pocillopora_dead,shrink,none
349,626,498,193.48574149079997,90.41001948000002,Pocillopora,shrink,none
556,630,639,98.5891680972,82.1022156,Pocillopora,shrink,none
801,633,507,196.8317388576,114.62374152000001,Pocillopora_dead,shrink,none
566,637,505,446.7906284688,191.19924936000004,Pocillopora,shrink,split
566,637,509,446.7906284688,21.2463324,Pocillopora,shrink,split
566,637,647,446.7906284688,0.7141251599999999,Pocillopora,shrink,split
987,638,510,628.7720045112,579.7498698,Pocillopora_dead,shrink,fuse
809,647,526,127.10790793800001,7.89086124,Pocillopora_dead,shrink,none
989,655,521,66.08011532759998,5.54445,Pocillopora_dead,shrink,none
367,657,524,320.2381649808,258.93468612000004,Pocillopora,shrink,none
369,663,519,103.66815214799999,87.40270980000001,Pocillopora,shrink,none
568,664,646,177.49338488639998,130.57401528000003,Pocillopora,shrink,none
553,665,528,302.583918582,269.9481816,Pocillopora,shrink,split
553,665,530,302.583918582,7.842070080000001,Pocillopora,shrink,split
369,670,570,317.4387249528,7.5892431600000005,Pocillopora,shrink,split
369,670,659,317.4387249528,277.62170040000007,Pocillopora,shrink,split
380,679,535,493.03026804239994,294.0554502,Pocillopora_dead,shrink,none
397,682,539,61.214421945599995,5.939214840000001,Pocillopora,shrink,none
383,687,657,182.19911026679998,1.8274507199999999,Pocillopora,shrink,split
994,688,552,317.4342813972,30.383586000000005,Pocillopora,shrink,split
390,698,555,79.4774354616,60.79822092000001,Pocillopora,shrink,none
999,707,566,62.76966640559999,2.2488289200000002,Pocillopora,shrink,none
1002,714,572,61.641003283199986,45.88143264,Pocillopora_dead,shrink,none
822,715,574,69.052854024,44.918916120000006,Pocillopora,shrink,none
